,c6643,c6947
2017-06-28 20:30:00,4158763827.2,4200158822.4
2017-06-28 20:35:00,4160767590.4,4200252211.2
2017-06-28 20:40:00,4158190387.2,4201694822.4
2017-06-28 20:45:00,4160465305.6,4203308646.4
2017-06-28 20:50:00,4155951513.6,4198804684.8
2017-06-28 20:55:00,4158496768.0,4198454886.4
2017-06-28 21:00:00,4160807731.2,4200433254.4
2017-06-28 21:05:00,4153464422.4,4204344115.2
2017-06-28 21:10:00,4161773568.0,4202491084.8
2017-06-28 21:15:00,4163113779.2,4205050265.6
2017-06-28 21:20:00,4154964377.6,4204925747.2
2017-06-28 21:25:00,4165826969.6,4203660083.2
2017-06-28 21:30:00,4160457932.8,4208457318.4
2017-06-28 21:35:00,4163686400.0,4207285862.4
2017-06-28 21:40:00,4162895052.8,4202588569.6
2017-06-28 21:45:00,4167518617.6,4212029849.6
2017-06-28 21:50:00,4164174643.2,4207191654.4
2017-06-28 21:55:00,4166225100.8,4210913280.0
2017-06-28 22:00:00,4164575232.0,4214693888.0
2017-06-28 22:05:00,4158435328.0,4209543577.6
2017-06-28 22:10:00,4155373158.4,4210400460.8
2017-06-28 22:15:00,4162525593.6,4211797196.8
2017-06-28 22:20:00,4166100582.4,4216923750.4
2017-06-28 22:25:00,4163163750.4,4212992409.6
2017-06-28 22:30:00,4167158169.6,4210726502.4
2017-06-28 22:35:00,4164188569.6,4211983974.4
2017-06-28 22:40:00,4167858585.6,4207644672.0
2017-06-28 22:45:00,4164277043.2,4208219750.4
2017-06-28 22:50:00,4167524352.0,4211337625.6
2017-06-28 22:55:00,4165713920.0,4201205760.0
2017-06-28 23:00:00,4163398860.8,4212314931.2
2017-06-28 23:05:00,4166850969.6,4212703232.0
2017-06-28 23:10:00,4162884403.2,4210553651.2
2017-06-28 23:15:00,4162581299.2,4212170752.0
2017-06-28 23:20:00,4158922752.0,4213692825.6
2017-06-28 23:25:00,4169245491.2,4209891737.6
2017-06-28 23:30:00,4165382963.2,4215278796.8
2017-06-28 23:35:00,4163573350.4,4209577164.8
2017-06-28 23:40:00,4161066598.4,4212863795.2
2017-06-28 23:45:00,4159192268.8,4205469696.0
2017-06-28 23:50:00,4162958950.4,4204377702.4
2017-06-28 23:55:00,4159354470.4,4204691456.0
2017-06-29 00:00:00,4166719078.4,4209660723.2
2017-06-29 00:05:00,4165673779.2,4211616972.8
2017-06-29 00:10:00,4163868262.4,4210946867.2
2017-06-29 00:15:00,4165116723.2,4203774771.2
2017-06-29 00:20:00,4164409753.6,4208533504.0
2017-06-29 00:25:00,4164593254.4,4209665638.4
2017-06-29 00:30:00,4163033497.6,4212944896.0
2017-06-29 00:35:00,4168536883.2,4206061158.4
2017-06-29 00:40:00,4163668377.6,4210447155.2
2017-06-29 00:45:00,4164735795.2,4212382924.8
2017-06-29 00:50:00,4164132044.8,4205821132.8
2017-06-29 00:55:00,4170255564.8,4210632294.4
2017-06-29 01:00:00,4162276556.8,4213868134.4
2017-06-29 01:05:00,4165522227.2,4212644249.6
2017-06-29 01:10:00,4165347737.6,4214947020.8
2017-06-29 01:15:00,4165747507.2,4212433715.2
2017-06-29 01:20:00,4163701964.8,4217698713.6
2017-06-29 01:25:00,4164798873.6,4211959398.4
2017-06-29 01:30:00,4167295795.2,4212590182.4
2017-06-29 01:35:00,4162058649.6,4211902873.6
2017-06-29 01:40:00,4163105587.2,4207357952.0
2017-06-29 01:45:00,4158130585.6,4212117504.0
2017-06-29 01:50:00,4165160140.8,4215818649.6
2017-06-29 01:55:00,4166086656.0,4218620313.6
2017-06-29 02:00:00,4161872691.2,4211412992.0
2017-06-29 02:05:00,4166171852.8,4212485324.8
2017-06-29 02:10:00,4163508633.6,4216750080.0
2017-06-29 02:15:00,4167536640.0,4208246784.0
2017-06-29 02:20:00,4163845324.8,4210523340.8
2017-06-29 02:25:00,4165361664.0,4214727475.2
2017-06-29 02:30:00,4165538611.2,4210451251.2
2017-06-29 02:35:00,4166447923.2,4209546035.2
2017-06-29 02:40:00,4166003097.6,4209893376.0
2017-06-29 02:45:00,4170808524.8,4206510080.0
2017-06-29 02:50:00,4173161267.2,4213093990.4
2017-06-29 02:55:00,4165834342.4,4212586086.4
2017-06-29 03:00:00,4165545984.0,4213527347.2
2017-06-29 03:05:00,4160801996.8,4211969228.8
2017-06-29 03:10:00,4164568678.4,4212990771.2
2017-06-29 03:15:00,4162288025.6,4210898534.4
2017-06-29 03:20:00,4166478233.6,4213199667.2
2017-06-29 03:25:00,4160504627.2,4213688729.6
2017-06-29 03:30:00,4164867686.4,4213555200.0
2017-06-29 03:35:00,4167349043.2,4213038284.8
2017-06-29 03:40:00,4161666252.8,4215354982.4
2017-06-29 03:45:00,4163373465.6,4217271091.2
2017-06-29 03:50:00,4169062809.6,4209050419.2
2017-06-29 03:55:00,4169951641.6,4217517670.4
2017-06-29 04:00:00,4167786496.0,4204245811.2
2017-06-29 04:05:00,4165805670.4,4209144627.2
2017-06-29 04:10:00,4171531878.4,4208846438.4
2017-06-29 04:15:00,4172019302.4,4215178854.4
2017-06-29 04:20:00,4163804364.8,4213417574.4
2017-06-29 04:25:00,4162134016.0,4213490483.2
2017-06-29 04:30:00,4166335692.8,4209346150.4
2017-06-29 04:35:00,4165803212.8,4216528076.8
2017-06-29 04:40:00,4166383206.4,4216134041.6
2017-06-29 04:45:00,4166515916.8,4212498432.0
2017-06-29 04:50:00,4163072819.2,4210701926.4
2017-06-29 04:55:00,4168765440.0,4222161715.2
2017-06-29 05:00:00,4168111718.4,4215167385.6
2017-06-29 05:05:00,4170670080.0,4213292236.8
2017-06-29 05:10:00,4169768140.8,4210983731.2
2017-06-29 05:15:00,4175457484.8,4212669644.8
2017-06-29 05:20:00,4164906188.8,4214109798.4
2017-06-29 05:25:00,4165492736.0,4208096870.4
2017-06-29 05:30:00,4164825907.2,4211481804.8
2017-06-29 05:35:00,4166615040.0,4215662182.4
2017-06-29 05:40:00,4166775603.2,4217467699.2
2017-06-29 05:45:00,4161231257.6,4215671193.6
2017-06-29 05:50:00,4164417126.4,4214441574.4
2017-06-29 05:55:00,4165235507.2,4218726809.6
2017-06-29 06:00:00,4166094848.0,4215499980.8
2017-06-29 06:05:00,4168745779.2,4214901964.8
2017-06-29 06:10:00,4167208960.0,4212327219.2
2017-06-29 06:15:00,4165953126.4,4212901478.4
2017-06-29 06:20:00,4164248371.2,4216404377.6
2017-06-29 06:25:00,4161716224.0,4216434688.0
2017-06-29 06:30:00,4166595379.2,4215126425.6
2017-06-29 06:35:00,4172877824.0,4218186137.6
2017-06-29 06:40:00,4173241548.8,4215988224.0
2017-06-29 06:45:00,4165435392.0,4210216140.8
2017-06-29 06:50:00,4162055372.8,4209694310.4
2017-06-29 06:55:00,4170260480.0,4209965465.6
2017-06-29 07:00:00,4167667712.0,4215565516.8
2017-06-29 07:05:00,4165719654.4,4212609024.0
2017-06-29 07:10:00,4165369036.8,4217189990.4
2017-06-29 07:15:00,4166928793.6,4208520396.8
2017-06-29 07:20:00,4165010227.2,4214621798.4
2017-06-29 07:25:00,4168702361.6,4211021414.4
2017-06-29 07:30:00,4166339788.8,4211756236.8
2017-06-29 07:35:00,4168969420.8,4217415270.4
2017-06-29 07:40:00,4164336844.8,4209070899.2
2017-06-29 07:45:00,4162693529.6,4211259801.6
2017-06-29 07:50:00,4163884646.4,4212875264.0
2017-06-29 07:55:00,4164897996.8,4215820288.0
2017-06-29 08:00:00,4167557120.0,4212828569.6
2017-06-29 08:05:00,4164638310.4,4204687360.0
2017-06-29 08:10:00,4164056678.4,4209109401.6
2017-06-29 08:15:00,4168142028.8,4211922534.4
2017-06-29 08:20:00,4163214540.8,4210040012.8
2017-06-29 08:25:00,4166790348.8,4214222848.0
2017-06-29 08:30:00,4165328896.0,4210238259.2
2017-06-29 08:35:00,4165568102.4,4215648256.0
2017-06-29 08:40:00,4159792742.4,4216868044.8
2017-06-29 08:45:00,4163891200.0,4207821619.2
2017-06-29 08:50:00,4164101734.4,4213089075.2
2017-06-29 08:55:00,4171917721.6,4216763187.2
2017-06-29 09:00:00,4163600384.0,4215019929.6
2017-06-29 09:05:00,4161483571.2,4211376128.0
2017-06-29 09:10:00,4161789132.8,4216700108.8
2017-06-29 09:15:00,4166018662.4,4217801113.6
2017-06-29 09:20:00,4164428595.2,4213548646.4
2017-06-29 09:25:00,4166071091.2,4214358835.2
2017-06-29 09:30:00,4167318732.8,4216999936.0
2017-06-29 09:35:00,4165755699.2,4218139443.2
2017-06-29 09:40:00,4164837376.0,4214141747.2
2017-06-29 09:45:00,4165332992.0,4218567884.8
2017-06-29 09:50:00,4167209779.2,4218575257.6
2017-06-29 09:55:00,4163869081.6,4213926297.6
2017-06-29 10:00:00,4166367641.6,4206173388.8
2017-06-29 10:05:00,4160157286.4,4212989132.8
2017-06-29 10:10:00,4172243763.2,4213551923.2
2017-06-29 10:15:00,4165404262.4,4218377011.2
2017-06-29 10:20:00,4167476019.2,4211704627.2
2017-06-29 10:25:00,4169897574.4,4212946534.4
2017-06-29 10:30:00,4168212480.0,4219715584.0
2017-06-29 10:35:00,4165057740.8,4214889676.8
2017-06-29 10:40:00,4166217728.0,4211471974.4
2017-06-29 10:45:00,4165632000.0,4214459596.8
2017-06-29 10:50:00,4163013017.6,4213500313.6
2017-06-29 10:55:00,4162310963.2,4216614092.8
2017-06-29 11:00:00,4165307596.8,4211436748.8
2017-06-29 11:05:00,4159337267.2,4215763763.2
2017-06-29 11:10:00,4165030707.2,4220743680.0
2017-06-29 11:15:00,4161523712.0,4215182131.2
2017-06-29 11:20:00,4168613888.0,4217008947.2
2017-06-29 11:25:00,4167997849.6,4213633024.0
2017-06-29 11:30:00,4197777408.0,4237999308.8
2017-06-29 11:35:00,4165989171.2,4214262169.6
2017-06-29 11:40:00,4169542860.8,4218943897.6
2017-06-29 11:45:00,4167652147.2,4218221363.2
2017-06-29 11:50:00,4170080256.0,4217312870.4
2017-06-29 11:55:00,4161107558.4,4212112588.8
2017-06-29 12:00:00,4165671321.6,4218208256.0
2017-06-29 12:05:00,4160643072.0,4212163379.2
2017-06-29 12:10:00,4165949030.4,4219221606.4
2017-06-29 12:15:00,4165305958.4,4217109708.8
2017-06-29 12:20:00,4167791411.2,4213429043.2
2017-06-29 12:25:00,4168935833.6,4216368332.8
2017-06-29 12:30:00,4168394342.4,4218656358.4
2017-06-29 12:35:00,4165200281.6,4211446579.2
2017-06-29 12:40:00,4166773964.8,4213732966.4
2017-06-29 12:45:00,4166243123.2,4212300185.6
2017-06-29 12:50:00,4168746598.4,4221048422.4
2017-06-29 12:55:00,4162013593.6,4216549376.0
2017-06-29 13:00:00,4170371891.2,4212370636.8
2017-06-29 13:05:00,4166875545.6,4220054732.8
2017-06-29 13:10:00,4166030131.2,4216963891.2
2017-06-29 13:15:00,4168572928.0,4221555507.2
2017-06-29 13:20:00,4165761433.6,4217067929.6
2017-06-29 13:25:00,4169447833.6,4218320486.4
2017-06-29 13:30:00,4164842291.2,4217464422.4
2017-06-29 13:35:00,4169864806.4,4211291750.4
2017-06-29 13:40:00,4166873907.2,4203039129.6
2017-06-29 13:45:00,4168951398.4,4212250214.4
2017-06-29 13:50:00,4162940928.0,4210878873.6
2017-06-29 13:55:00,4168637644.8,4211485900.8
2017-06-29 14:00:00,4163807641.6,4214958489.6
2017-06-29 14:05:00,4165532057.6,4211512115.2
2017-06-29 14:10:00,4166085836.8,4213719859.2
2017-06-29 14:15:00,4162219212.8,4218090291.2
2017-06-29 14:20:00,4167750451.2,4217518489.6
2017-06-29 14:25:00,4168052736.0,4210447155.2
2017-06-29 14:30:00,4167080345.6,4213403648.0
2017-06-29 14:35:00,4162931097.6,4212649984.0
2017-06-29 14:40:00,4159995904.0,4210302976.0
2017-06-29 14:45:00,4171028889.6,4215667916.8
2017-06-29 14:50:00,4165948211.2,4215126425.6
2017-06-29 14:55:00,4164210688.0,4216545280.0
2017-06-29 15:00:00,4166261145.6,4217029427.2
2017-06-29 15:05:00,4166044876.8,4219215052.8
2017-06-29 15:10:00,4171251712.0,4214106521.6
2017-06-29 15:15:00,4161671987.2,4215504076.8
2017-06-29 15:20:00,4168201011.2,4212586905.6
2017-06-29 15:25:00,4164620288.0,4219065958.4
2017-06-29 15:30:00,4163624140.8,4219113472.0
2017-06-29 15:35:00,4164891443.2,4218875904.0
2017-06-29 15:40:00,4167296614.4,4216904089.6
2017-06-29 15:45:00,4165114265.6,4220672409.6
2017-06-29 15:50:00,4165236326.4,4215265689.6
2017-06-29 15:55:00,4155627929.6,4215960371.2
2017-06-29 16:00:00,4167729971.2,4218194329.6
2017-06-29 16:05:00,4162115993.6,4214316236.8
2017-06-29 16:10:00,4161727692.8,4211554713.6
2017-06-29 16:15:00,4168964505.6,4214687334.4
2017-06-29 16:20:00,4171781734.4,4220193996.8
2017-06-29 16:25:00,4167561216.0,4214824960.0
2017-06-29 16:30:00,4164543283.2,4211942195.2
2017-06-29 16:35:00,4169612492.8,4208897228.8
2017-06-29 16:40:00,4168280473.6,4222208409.6
2017-06-29 16:45:00,4162300313.6,4216450252.8
2017-06-29 16:50:00,4169592012.8,4213510144.0
2017-06-29 16:55:00,4167127859.2,4219541913.6
2017-06-29 17:00:00,4168502476.8,4220230041.6
2017-06-29 17:05:00,4167532544.0,4220006400.0
2017-06-29 17:10:00,4166583091.2,4218295910.4
2017-06-29 17:15:00,4161989017.6,4212900659.2
2017-06-29 17:20:00,4169841868.8,4215073177.6
2017-06-29 17:25:00,4168481996.8,4210162073.6
2017-06-29 17:30:00,4169259417.6,4211812761.6
2017-06-29 17:35:00,4163135897.6,4208676044.8
2017-06-29 17:40:00,4164502323.2,4221195878.4
2017-06-29 17:45:00,4166564249.6,4216714035.2
2017-06-29 17:50:00,4166311116.8,4215067443.2
2017-06-29 17:55:00,4166614220.8,4214915072.0
2017-06-29 18:00:00,4168255897.6,4219176550.4
2017-06-29 18:05:00,4170221977.6,4216351129.6
2017-06-29 18:10:00,4167872512.0,4216424038.4
2017-06-29 18:15:00,4167723417.6,4221960192.0
2017-06-29 18:20:00,4165396889.6,4208488448.0
2017-06-29 18:25:00,4167571865.6,4212426342.4
2017-06-29 18:30:00,4169127526.4,4218172211.2
2017-06-29 18:35:00,4170917478.4,4213588787.2
2017-06-29 18:40:00,4164354867.2,4216002969.6
2017-06-29 18:45:00,4166291456.0,4214507929.6
2017-06-29 18:50:00,4166032588.8,4213723955.2
2017-06-29 18:55:00,4165027430.4,4217394790.4
2017-06-29 19:00:00,4168098611.2,4218295091.2
2017-06-29 19:05:00,4165020876.8,4215160832.0
2017-06-29 19:10:00,4159800934.4,4220754329.6
2017-06-29 19:15:00,4167849574.4,4218039500.8
2017-06-29 19:20:00,4168028979.2,4217925632.0
2017-06-29 19:25:00,4163250585.6,4215305011.2
2017-06-29 19:30:00,4166999244.8,4219770470.4
2017-06-29 19:35:00,4168041267.2,4218986496.0
2017-06-29 19:40:00,4159506841.6,4222605721.6
2017-06-29 19:45:00,4162772992.0,4215774412.8
2017-06-29 19:50:00,4166923878.4,4219798323.2
2017-06-29 19:55:00,4171205836.8,4217222758.4
2017-06-29 20:00:00,4163577446.4,4211732480.0
2017-06-29 20:05:00,4159865651.2,4215818649.6
2017-06-29 20:10:00,4164890624.0,4214097510.4
2017-06-29 20:15:00,4166248857.6,4216944230.4
2017-06-29 20:20:00,4163769139.2,4220391424.0
2017-06-29 20:25:00,4168251801.6,4216925388.8
2017-06-29 20:30:00,4166387302.4,4220904243.2
2017-06-29 20:35:00,4166665011.2,4212658995.2
2017-06-29 20:40:00,4165102796.8,4215273062.4
2017-06-29 20:45:00,4165309235.2,4215451648.0
2017-06-29 20:50:00,4169991782.4,4220592128.0
2017-06-29 20:55:00,4163247308.8,4219328921.6
2017-06-29 21:00:00,4158338662.4,4217643827.2
2017-06-29 21:05:00,4166965657.6,4213322547.2
2017-06-29 21:10:00,4165009408.0,4213975449.6
2017-06-29 21:15:00,4168473804.8,4214709452.8
2017-06-29 21:20:00,4162647654.4,4217026969.6
2017-06-29 21:25:00,4169983590.4,4216455168.0
2017-06-29 21:30:00,4160650444.8,4216617369.6
2017-06-29 21:35:00,4166536396.8,4219718860.8
2017-06-29 21:40:00,4166092390.4,4215484416.0
2017-06-29 21:45:00,4163858432.0,4214851174.4
2017-06-29 21:50:00,4166259507.2,4217448038.4
2017-06-29 21:55:00,4164574412.8,4202586112.0
2017-06-29 22:00:00,4168008499.2,4215469670.4
2017-06-29 22:05:00,4167100825.6,4218271334.4
2017-06-29 22:10:00,4167751270.4,4219977728.0
2017-06-29 22:15:00,4165424742.4,4211920076.8
2017-06-29 22:20:00,4169675571.2,4218662912.0
2017-06-29 22:25:00,4167195852.8,4213048115.2
2017-06-29 22:30:00,4165225676.8,4215950540.8
2017-06-29 22:35:00,4163638886.4,4216573132.8
2017-06-29 22:40:00,4164322099.2,4216718131.2
2017-06-29 22:45:00,4166713344.0,4218769408.0
2017-06-29 22:50:00,4166234112.0,4215011737.6
2017-06-29 22:55:00,4164013260.8,4211766067.2
2017-06-29 23:00:00,4168539340.8,4216659968.0
2017-06-29 23:05:00,4168074035.2,4216734515.2
2017-06-29 23:10:00,4160702054.4,4218101760.0
2017-06-29 23:15:00,4169223372.8,4215727718.4
2017-06-29 23:20:00,4172179046.4,4214856089.6
2017-06-29 23:25:00,4168783462.4,4218222182.4
2017-06-29 23:30:00,4162569011.2,4217743769.6
2017-06-29 23:35:00,4161495859.2,4212161740.8
2017-06-29 23:40:00,4171617075.2,4218463027.2
2017-06-29 23:45:00,4162218393.6,4217292390.4
2017-06-29 23:50:00,4167534182.4,4214685696.0
2017-06-29 23:55:00,4162219212.8,4212740096.0
2017-06-30 00:00:00,4167515340.8,4222392729.6
2017-06-30 00:05:00,4161417216.0,4218550681.6
2017-06-30 00:10:00,4163499622.4,4212891648.0
2017-06-30 00:15:00,4169012838.4,4216230707.2
2017-06-30 00:20:00,4164889804.8,4212713881.6
2017-06-30 00:25:00,4170115481.6,4209975296.0
2017-06-30 00:30:00,4168825241.6,4216411750.4
2017-06-30 00:35:00,4170031923.2,4222346854.4
2017-06-30 00:40:00,4168031436.8,4216640307.2
2017-06-30 00:45:00,4169071820.8,4211094323.2
2017-06-30 00:50:00,4159199641.6,4215939072.0
2017-06-30 00:55:00,4165858918.4,4219267481.6
2017-06-30 01:00:00,4167661158.4,4218001817.6
2017-06-30 01:05:00,4165554995.2,4212019200.0
2017-06-30 01:10:00,4164359782.4,4218101760.0
2017-06-30 01:15:00,4165922816.0,4217777356.8
2017-06-30 01:20:00,4164526899.2,4213701017.6
2017-06-30 01:25:00,4166609305.6,4212292812.8
2017-06-30 01:30:00,4167077888.0,4214682419.2
2017-06-30 01:35:00,4166978764.8,4215367270.4
2017-06-30 01:40:00,4166781337.6,4216736153.6
2017-06-30 01:45:00,4166816563.2,4216698470.4
2017-06-30 01:50:00,4166139904.0,4215182950.4
2017-06-30 01:55:00,4165241241.6,4216913100.8
2017-06-30 02:00:00,4165863833.6,4217759334.4
2017-06-30 02:05:00,4165389516.8,4217414451.2
2017-06-30 02:10:00,4164079616.0,4217419366.4
2017-06-30 02:15:00,4169036595.2,4218323763.2
2017-06-30 02:20:00,4166642073.6,4216986009.6
2017-06-30 02:25:00,4169014476.8,4217591398.4
2017-06-30 02:30:00,4165163417.6,4219244544.0
2017-06-30 02:35:00,4165606604.8,4218005094.4
2017-06-30 02:40:00,4165428838.4,4217810944.0
2017-06-30 02:45:00,4169810739.2,4218923417.6
2017-06-30 02:50:00,4164568678.4,4218016563.2
2017-06-30 02:55:00,4166420889.6,4214747955.2
2017-06-30 03:00:00,4159879577.6,4221697228.8
2017-06-30 03:05:00,4166909952.0,4219866316.8
2017-06-30 03:10:00,4165965414.4,4219840921.6
2017-06-30 03:15:00,4162778726.4,4214180249.6
2017-06-30 03:20:00,4168974336.0,4212512358.4
2017-06-30 03:25:00,4166341427.2,4214038528.0
2017-06-30 03:30:00,4169011200.0,4222125670.4
2017-06-30 03:35:00,4164918476.8,4215716249.6
2017-06-30 03:40:00,4166704332.8,4219088896.0
2017-06-30 03:45:00,4164086169.6,4218042777.6
2017-06-30 03:50:00,4156240691.2,4220938649.6
2017-06-30 03:55:00,4167889715.2,4213643673.6
2017-06-30 04:00:00,4168287027.2,4218311475.2
2017-06-30 04:05:00,4168228044.8,4217340723.2
2017-06-30 04:10:00,4159714099.2,4214177792.0
2017-06-30 04:15:00,4166367641.6,4215602380.8
2017-06-30 04:20:00,4167052492.8,4217653657.6
2017-06-30 04:25:00,4161454899.2,4210711756.8
2017-06-30 04:30:00,4291315302.4,4318099046.4
2017-06-30 04:35:00,4285675929.6,4319426969.6
2017-06-30 04:40:00,4292553113.6,4323728588.8
2017-06-30 04:45:00,4290999910.4,4316877619.2
2017-06-30 04:50:00,4289869414.4,4325600460.8
2017-06-30 04:55:00,4290709913.6,4321997619.2
2017-06-30 05:00:00,4292598988.8,4326136217.6
2017-06-30 05:05:00,4287985254.4,4322717696.0
2017-06-30 05:10:00,4290321612.8,4321470873.6
2017-06-30 05:15:00,4289854668.8,4323685990.4
2017-06-30 05:20:00,4290722201.6,4322516992.0
2017-06-30 05:25:00,4299536793.6,4323196928.0
2017-06-30 05:30:00,4289650688.0,4323908812.8
2017-06-30 05:35:00,4291535667.2,4318203904.0
2017-06-30 05:40:00,4285186867.2,4319781683.2
2017-06-30 05:45:00,4293443584.0,4319109120.0
2017-06-30 05:50:00,4296982528.0,4318845337.6
2017-06-30 05:55:00,4290907340.8,4329066496.0
2017-06-30 06:00:00,4286853120.0,4321534771.2
2017-06-30 06:05:00,4292756275.2,4319768576.0
2017-06-30 06:10:00,4294268518.4,4322125414.4
2017-06-30 06:15:00,4290919628.8,4320698368.0
2017-06-30 06:20:00,4288322764.8,4325457920.0
2017-06-30 06:25:00,4293543526.4,4324766515.2
2017-06-30 06:30:00,4299390156.8,4317436313.6
2017-06-30 06:35:00,4284518400.0,4319386009.6
2017-06-30 06:40:00,4290417459.2,4323099443.2
2017-06-30 06:45:00,4282613760.0,4326368051.2
2017-06-30 06:50:00,4292232806.4,4318983782.4
2017-06-30 06:55:00,4283994931.2,4321088307.2
2017-06-30 07:00:00,4290383052.8,4325702041.6
2017-06-30 07:05:00,4297957376.0,4321436467.2
2017-06-30 07:10:00,4287671500.8,4316499148.8
2017-06-30 07:15:00,4293296947.2,4315734835.2
2017-06-30 07:20:00,4293490278.4,4322462924.8
2017-06-30 07:25:00,4271748710.4,4322284339.2
2017-06-30 07:30:00,4294564249.6,4324286464.0
2017-06-30 07:35:00,4288904396.8,4318056448.0
2017-06-30 07:40:00,4284429926.4,4320603340.8
2017-06-30 07:45:00,4287579750.4,4324768972.8
2017-06-30 07:50:00,4295752089.6,4326862848.0
2017-06-30 07:55:00,4288952729.6,4328082636.8
2017-06-30 08:00:00,4290748416.0,4322533376.0
2017-06-30 08:05:00,4294849331.2,4324894310.4
2017-06-30 08:10:00,4288748748.8,4315372748.8
2017-06-30 08:15:00,4293086412.8,4327000473.6
2017-06-30 08:20:00,4298878976.0,4326794854.4
2017-06-30 08:25:00,4292381081.6,4322929868.8
2017-06-30 08:30:00,4283922841.6,4319650611.2
2017-06-30 08:35:00,4286569676.8,4323427123.2
2017-06-30 08:40:00,4288044236.8,4327682867.2
2017-06-30 08:45:00,4276939980.8,4321647820.8
2017-06-30 08:50:00,4291898572.8,4316091187.2
2017-06-30 08:55:00,4285674291.2,4322263040.0
2017-06-30 09:00:00,4294013747.2,4330879385.6
2017-06-30 09:05:00,4287507660.8,4309612953.6
2017-06-30 09:10:00,4299059200.0,4324890214.4
2017-06-30 09:15:00,4289699840.0,4321660108.8
2017-06-30 09:20:00,4289869414.4,4319395840.0
2017-06-30 09:25:00,4298659430.4,4317927833.6
2017-06-30 09:30:00,4291466854.4,4323074867.2
2017-06-30 09:35:00,4295447347.2,4324153753.6
2017-06-30 09:40:00,4289823539.2,4322897100.8
2017-06-30 09:45:00,4288926515.2,4320918732.8
2017-06-30 09:50:00,4293175705.6,4308058931.2
2017-06-30 09:55:00,4284603596.8,4318228480.0
2017-06-30 10:00:00,4293781094.4,4315418624.0
2017-06-30 10:05:00,4294862438.4,4327150387.2
2017-06-30 10:10:00,4290134016.0,4319458099.2
2017-06-30 10:15:00,4292331929.6,4329259827.2
2017-06-30 10:20:00,4295027097.6,4316857139.2
2017-06-30 10:25:00,4293816320.0,4322200780.8
2017-06-30 10:30:00,4301751910.4,4316736716.8
2017-06-30 10:35:00,4291264512.0,4328844492.8
2017-06-30 10:40:00,4294344704.0,4321832960.0
2017-06-30 10:45:00,4291065446.4,4323359129.6
2017-06-30 10:50:00,4294442188.8,4311959961.6
2017-06-30 10:55:00,4298365337.6,4318153932.8
2017-06-30 11:00:00,4295390003.2,4322168832.0
2017-06-30 11:05:00,4288846233.6,4319399936.0
2017-06-30 11:10:00,4290726297.6,4321011302.4
2017-06-30 11:15:00,4294262784.0,4326331187.2
2017-06-30 11:20:00,4287816499.2,4312531763.2
2017-06-30 11:25:00,4281743769.6,4313062604.8
2017-06-30 11:30:00,4310789324.8,4341165260.8
2017-06-30 11:35:00,4296083865.6,4318411980.8
2017-06-30 11:40:00,4295752089.6,4322653798.4
2017-06-30 11:45:00,4294143180.8,4318386585.6
2017-06-30 11:50:00,4293301043.2,4319334400.0
2017-06-30 11:55:00,4288897024.0,4319760384.0
2017-06-30 12:00:00,4294497894.4,4325377638.4
2017-06-30 12:05:00,4287412633.6,4326316441.6
2017-06-30 12:10:00,4291645440.0,4320003686.4
2017-06-30 12:15:00,4299533516.8,4321266073.6
2017-06-30 12:20:00,4294513459.2,4324074291.2
2017-06-30 12:25:00,4290716467.2,4322989670.4
2017-06-30 12:30:00,4284982067.2,4321997619.2
2017-06-30 12:35:00,4294530662.4,4314402816.0
2017-06-30 12:40:00,4291045785.6,4318878924.8
2017-06-30 12:45:00,4294529843.2,4313979289.6
2017-06-30 12:50:00,4291552870.4,4315670937.6
2017-06-30 12:55:00,4287865651.2,4326499123.2
2017-06-30 13:00:00,4296901427.2,4316211609.6
2017-06-30 13:05:00,4292512972.8,4325878169.6
2017-06-30 13:10:00,4291475865.6,4320664780.8
2017-06-30 13:15:00,4301066240.0,4318679040.0
2017-06-30 13:20:00,4291829760.0,4318240768.0
2017-06-30 13:25:00,4291488972.8,4320138854.4
2017-06-30 13:30:00,4293097062.4,4326254182.4
2017-06-30 13:35:00,4297263513.6,4316053504.0
2017-06-30 13:40:00,4279980851.2,4314424115.2
2017-06-30 13:45:00,4286057676.8,4321390592.0
2017-06-30 13:50:00,4293036441.6,4327961395.2
2017-06-30 13:55:00,4292602265.6,4319813632.0
2017-06-30 14:00:00,4296862924.8,4328189132.8
2017-06-30 14:05:00,4288786432.0,4319866880.0
2017-06-30 14:10:00,4291951001.6,4316968550.4
2017-06-30 14:15:00,4287925452.8,4319288524.8
2017-06-30 14:20:00,4291091660.8,4321022771.2
2017-06-30 14:25:00,4289571225.6,4322405580.8
2017-06-30 14:30:00,4284265267.2,4328974745.6
2017-06-30 14:35:00,4293127372.8,4320360857.6
2017-06-30 14:40:00,4291989504.0,4312595660.8
2017-06-30 14:45:00,4283401830.4,4325076172.8
2017-06-30 14:50:00,4289812070.4,4317188096.0
2017-06-30 14:55:00,4271320268.8,4309185331.2
2017-06-30 15:00:00,4290456780.8,4324856627.2
2017-06-30 15:05:00,4288081100.8,4320916275.2
2017-06-30 15:10:00,4292290150.4,4322593177.6
2017-06-30 15:15:00,4296710553.6,4325697126.4
2017-06-30 15:20:00,4287867289.6,4328470937.6
2017-06-30 15:25:00,4290410086.4,4321077657.6
2017-06-30 15:30:00,4290984345.6,4325614387.2
2017-06-30 15:35:00,4292978278.4,4319337676.8
2017-06-30 15:40:00,4295552204.8,4317161062.4
2017-06-30 15:45:00,4292988108.8,4330704076.8
2017-06-30 15:50:00,4295491584.0,4313897369.6
2017-06-30 15:55:00,4293430476.8,4323372236.8
2017-06-30 16:00:00,4297403596.8,4322345779.2
2017-06-30 16:05:00,4301292339.2,4320863846.4
2017-06-30 16:10:00,4295260569.6,4314508492.8
2017-06-30 16:15:00,4288457113.6,4316833382.4
2017-06-30 16:20:00,4281815859.2,4315970764.8
2017-06-30 16:25:00,4290225766.4,4328797798.4
2017-06-30 16:30:00,4294803456.0,4325831475.2
2017-06-30 16:35:00,4289322188.8,4309137817.6
2017-06-30 16:40:00,4294352896.0,4312460492.8
2017-06-30 16:45:00,4291155558.4,4317082419.2
2017-06-30 16:50:00,4297288908.8,4324992614.4
2017-06-30 16:55:00,4287433932.8,4319522816.0
2017-06-30 17:00:00,4286670438.4,4323407462.4
2017-06-30 17:05:00,4291793715.2,4322177024.0
2017-06-30 17:10:00,4290197913.6,4319159091.2
2017-06-30 17:15:00,4291273523.2,4316422144.0
2017-06-30 17:20:00,4292806246.4,4324960665.6
2017-06-30 17:25:00,4293980160.0,4316468019.2
2017-06-30 17:30:00,4292990566.4,4323577856.0
2017-06-30 17:35:00,4284094054.4,4318927257.6
2017-06-30 17:40:00,4295006617.6,4323701555.2
2017-06-30 17:45:00,4290069299.2,4318769971.2
2017-06-30 17:50:00,4291991961.6,4327238041.6
2017-06-30 17:55:00,4286414028.8,4321474969.6
2017-06-30 18:00:00,4287776358.4,4324237312.0
2017-06-30 18:05:00,4291973939.2,4322525184.0
2017-06-30 18:10:00,4293642649.6,4320236339.2
2017-06-30 18:15:00,4286042931.2,4322047590.4
2017-06-30 18:20:00,4291548774.4,4323708108.8
2017-06-30 18:25:00,4289304166.4,4321848524.8
2017-06-30 18:30:00,4295514521.6,4325300633.6
2017-06-30 18:35:00,4295700480.0,4317532979.2
2017-06-30 18:40:00,4295277772.8,4314426572.8
2017-06-30 18:45:00,4300612403.2,4316541747.2
2017-06-30 18:50:00,4292413030.4,4326119014.4
2017-06-30 18:55:00,4286440243.2,4320570572.8
2017-06-30 19:00:00,4291493068.8,4326400000.0
2017-06-30 19:05:00,4291300556.8,4321789542.4
2017-06-30 19:10:00,4287285657.6,4317117644.8
2017-06-30 19:15:00,4297927065.6,4323223961.6
2017-06-30 19:20:00,4291171123.2,4313798246.4
2017-06-30 19:25:00,4291286630.4,4324967219.2
2017-06-30 19:30:00,4294320947.2,4320477184.0
2017-06-30 19:35:00,4282170572.8,4316479488.0
2017-06-30 19:40:00,4289827635.2,4325625856.0
2017-06-30 19:45:00,4285985587.2,4321969766.4
2017-06-30 19:50:00,4289150156.8,4316262400.0
2017-06-30 19:55:00,4294436454.4,4325291622.4
2017-06-30 20:00:00,4284103065.6,4324125900.8
2017-06-30 20:05:00,4293670502.4,4318248960.0
2017-06-30 20:10:00,4290004582.4,4322237644.8
2017-06-30 20:15:00,4290810675.2,4324908236.8
2017-06-30 20:20:00,4293010227.2,4314361036.8
2017-06-30 20:25:00,4288531660.8,4319882444.8
2017-06-30 20:30:00,4287130009.6,4326379520.0
2017-06-30 20:35:00,4294194790.4,4318176870.4
2017-06-30 20:40:00,4294634700.8,4322349875.2
2017-06-30 20:45:00,4294524928.0,4319258214.4
2017-06-30 20:50:00,4289761280.0,4325908480.0
2017-06-30 20:55:00,4286760550.4,4318710169.6
2017-06-30 21:00:00,4297128345.6,4322994585.6
2017-06-30 21:05:00,4289739980.8,4323421388.8
2017-06-30 21:10:00,4297519104.0,4329572761.6
2017-06-30 21:15:00,4294853427.2,4315580006.4
2017-06-30 21:20:00,4300090572.8,4317042278.4
2017-06-30 21:25:00,4297870540.8,4327242956.8
2017-06-30 21:30:00,4300877824.0,4320084787.2
2017-06-30 21:35:00,4289064140.8,4320185548.8
2017-06-30 21:40:00,4285357260.8,4320709017.6
2017-06-30 21:45:00,4297601843.2,4321283276.8
2017-06-30 21:50:00,4297157017.6,4323924377.6
2017-06-30 21:55:00,4282154188.8,4326839091.2
2017-06-30 22:00:00,4290822144.0,4324046438.4
2017-06-30 22:05:00,4293695078.4,4325561139.2
2017-06-30 22:10:00,4296350105.6,4327446118.4
2017-06-30 22:15:00,4289493401.6,4320407552.0
2017-06-30 22:20:00,4294827212.8,4322317107.2
2017-06-30 22:25:00,4291008102.4,4315346534.4
2017-06-30 22:30:00,4290736128.0,4326945587.2
2017-06-30 22:35:00,4295853670.4,4317676339.2
2017-06-30 22:40:00,4294243942.4,4321252147.2
2017-06-30 22:45:00,4296004403.2,4326206668.8
2017-06-30 22:50:00,4294952550.4,4321605222.4
2017-06-30 22:55:00,4296112537.6,4318923980.8
2017-06-30 23:00:00,4290502656.0,4321675673.6
2017-06-30 23:05:00,4294930432.0,4316361523.2
2017-06-30 23:10:00,4287111168.0,4320128204.8
2017-06-30 23:15:00,4296077312.0,4312774246.4
2017-06-30 23:20:00,4289210777.6,4322151628.8
2017-06-30 23:25:00,4289754726.4,4323377152.0
2017-06-30 23:30:00,4297345433.6,4322697216.0
2017-06-30 23:35:00,4286982553.6,4316346777.6
2017-06-30 23:40:00,4294100582.4,4319660441.6
2017-06-30 23:45:00,4287832064.0,4323808870.4
2017-06-30 23:50:00,4289671168.0,4318262886.4
2017-06-30 23:55:00,4290925363.2,4323556556.8
2017-07-01 00:00:00,4291539763.2,4312240947.2
2017-07-01 00:05:00,4292225433.6,4317511680.0
2017-07-01 00:10:00,4288285900.8,4323395174.4
2017-07-01 00:15:00,4292649779.2,4316368896.0
2017-07-01 00:20:00,4288259686.4,4324293017.6
2017-07-01 00:25:00,4291094937.6,4321202995.2
2017-07-01 00:30:00,4296497561.6,4324487987.2
2017-07-01 00:35:00,4293681971.2,4318909235.2
2017-07-01 00:40:00,4289282048.0,4317227417.6
2017-07-01 00:45:00,4294202163.2,4321975500.8
2017-07-01 00:50:00,4290271641.6,4319576064.0
2017-07-01 00:55:00,4287012044.8,4320540262.4
2017-07-01 01:00:00,4294565068.8,4321284096.0
2017-07-01 01:05:00,4289837465.6,4322383462.4
2017-07-01 01:10:00,4289141964.8,4321358643.2
2017-07-01 01:15:00,4294802636.8,4325789696.0
2017-07-01 01:20:00,4288308019.2,4324306944.0
2017-07-01 01:25:00,4289970176.0,4319719424.0
2017-07-01 01:30:00,4295717683.2,4325897830.4
2017-07-01 01:35:00,4291705241.6,4319794790.4
2017-07-01 01:40:00,4289371340.8,4323994009.6
2017-07-01 01:45:00,4294517555.2,4320301056.0
2017-07-01 01:50:00,4288610304.0,4320768000.0
2017-07-01 01:55:00,4294046515.2,4328967372.8
2017-07-01 02:00:00,4295267123.2,4320656588.8
2017-07-01 02:05:00,4287646924.8,4320650854.4
2017-07-01 02:10:00,4291676569.6,4323255091.2
2017-07-01 02:15:00,4297056256.0,4329065676.8
2017-07-01 02:20:00,4291206348.8,4324188160.0
2017-07-01 02:25:00,4293560729.6,4314556006.4
2017-07-01 02:30:00,4294478233.6,4323160064.0
2017-07-01 02:35:00,4293423923.2,4324160307.2
2017-07-01 02:40:00,4288656179.2,4315085209.6
2017-07-01 02:45:00,4283532083.2,4328487321.6
2017-07-01 02:50:00,4288022118.4,4319549030.4
2017-07-01 02:55:00,4287922995.2,4319164006.4
2017-07-01 03:00:00,4292589158.4,4319898828.8
2017-07-01 03:05:00,4281207193.6,4321219379.2
2017-07-01 03:10:00,4296809676.8,4315289190.4
2017-07-01 03:15:00,4292562124.8,4324780441.6
2017-07-01 03:20:00,4293440307.2,4324759961.6
2017-07-01 03:25:00,4290025881.6,4328146534.4
2017-07-01 03:30:00,4300702515.2,4317406003.2
2017-07-01 03:35:00,4292866867.2,4306165760.0
2017-07-01 03:40:00,4283368243.2,4325850316.8
2017-07-01 03:45:00,4294470041.6,4316891545.6
2017-07-01 03:50:00,4288637337.6,4321672396.8
2017-07-01 03:55:00,4291176857.6,4318969856.0
2017-07-01 04:00:00,4284308684.8,4328000716.8
2017-07-01 04:05:00,4288766771.2,4317603430.4
2017-07-01 04:10:00,4285199155.2,4327745945.6
2017-07-01 04:15:00,4296408268.8,4319344230.4
2017-07-01 04:20:00,4283291238.4,4320675430.4
2017-07-01 04:25:00,4294166937.6,4321180057.6
2017-07-01 04:30:00,4298644684.8,4325036032.0
2017-07-01 04:35:00,4287845171.2,4319766118.4
2017-07-01 04:40:00,4293420646.4,4322122956.8
2017-07-01 04:45:00,4286355046.4,4319982387.2
2017-07-01 04:50:00,4290103705.6,4324246323.2
2017-07-01 04:55:00,4288330137.6,4325636505.6
2017-07-01 05:00:00,4287270912.0,4321432371.2
2017-07-01 05:05:00,4290094694.4,4324300390.4
2017-07-01 05:10:00,4298914201.6,4327539507.2
2017-07-01 05:15:00,4284695347.2,4321067008.0
2017-07-01 05:20:00,4293176524.8,4320233881.6
2017-07-01 05:25:00,4297391308.8,4327703347.2
2017-07-01 05:30:00,4286582784.0,4325607014.4
2017-07-01 05:35:00,4292029644.8,4324378214.4
2017-07-01 05:40:00,4293054464.0,4323152691.2
2017-07-01 05:45:00,4290967961.6,4324955750.4
2017-07-01 05:50:00,4292456448.0,4322154086.4
2017-07-01 05:55:00,4293213388.8,4320135577.6
2017-07-01 06:00:00,4286104371.2,4315755315.2
2017-07-01 06:05:00,4286980915.2,4315137638.4
2017-07-01 06:10:00,4300032409.6,4321688780.8
2017-07-01 06:15:00,4292427776.0,4319596544.0
2017-07-01 06:20:00,4292848844.8,4325194956.8
2017-07-01 06:25:00,4286386995.2,4322980659.2
2017-07-01 06:30:00,4301733068.8,4323699097.6
2017-07-01 06:35:00,4281828966.4,4327532134.4
2017-07-01 06:40:00,4293368217.6,4321393049.6
2017-07-01 06:45:00,4298707763.2,4322398208.0
2017-07-01 06:50:00,4300198707.2,4317021798.4
2017-07-01 06:55:00,4285966745.6,4316208332.8
2017-07-01 07:00:00,4288081920.0,4318872371.2
2017-07-01 07:05:00,4292601446.4,4329404825.6
2017-07-01 07:10:00,4291593830.4,4322502246.4
2017-07-01 07:15:00,4293915443.2,4320412467.2
2017-07-01 07:20:00,4290481356.8,4302391705.6
2017-07-01 07:25:00,4293932646.4,4318079385.6
2017-07-01 07:30:00,4301186662.4,4327733657.6
2017-07-01 07:35:00,4281518489.6,4323849830.4
2017-07-01 07:40:00,4299472076.8,4320655769.6
2017-07-01 07:45:00,4296876851.2,4324553523.2
2017-07-01 07:50:00,4288743014.4,4328747827.2
2017-07-01 07:55:00,4291963289.6,4320276480.0
2017-07-01 08:00:00,4293633638.4,4328421785.6
2017-07-01 08:05:00,4292304076.8,4325163827.2
2017-07-01 08:10:00,4284982886.4,4323903897.6
2017-07-01 08:15:00,4289028915.2,4323154329.6
2017-07-01 08:20:00,4280744345.6,4325533286.4
2017-07-01 08:25:00,4291075276.8,4325338316.8
2017-07-01 08:30:00,4285334323.2,4323653222.4
2017-07-01 08:35:00,4290515763.2,4321261977.6
2017-07-01 08:40:00,4293930188.8,4320374784.0
2017-07-01 08:45:00,4292121395.2,4314400358.4
2017-07-01 08:50:00,4286880153.6,4321873920.0
2017-07-01 08:55:00,4293824512.0,4325781504.0
2017-07-01 09:00:00,4294714982.4,4324510924.8
2017-07-01 09:05:00,4293967052.8,4326044467.2
2017-07-01 09:10:00,4295412940.8,4322376089.6
2017-07-01 09:15:00,4286525440.0,4323335372.8
2017-07-01 09:20:00,4298199859.2,4326338560.0
2017-07-01 09:25:00,4297512550.4,4320000409.6
2017-07-01 09:30:00,4296568832.0,4327072563.2
2017-07-01 09:35:00,4292609638.4,4325404672.0
2017-07-01 09:40:00,4297391308.8,4329291776.0
2017-07-01 09:45:00,4286873600.0,4327695155.2
2017-07-01 09:50:00,4292694016.0,4321362739.2
2017-07-01 09:55:00,4297051340.8,4322878259.2
2017-07-01 10:00:00,4298795417.6,4320296140.8
2017-07-01 10:05:00,4292652236.8,4320604979.2
2017-07-01 10:10:00,4290840985.6,4314838630.4
2017-07-01 10:15:00,4293287936.0,4321076019.2
2017-07-01 10:20:00,4287379865.6,4321341440.0
2017-07-01 10:25:00,4289279590.4,4325702041.6
2017-07-01 10:30:00,4282796441.6,4318497996.8
2017-07-01 10:35:00,4294449561.6,4322928230.4
2017-07-01 10:40:00,4291216179.2,4326046105.6
2017-07-01 10:45:00,4292543283.2,4320362496.0
2017-07-01 10:50:00,4291621683.2,4325843763.2
2017-07-01 10:55:00,4296969420.8,4326005964.8
2017-07-01 11:00:00,4298364518.4,4320762265.6
2017-07-01 11:05:00,4293854003.2,4323620454.4
2017-07-01 11:10:00,4287723929.6,4304297164.8
2017-07-01 11:15:00,4293108531.2,4323293593.6
2017-07-01 11:20:00,4289572864.0,4325056512.0
2017-07-01 11:25:00,4283470643.2,4323277209.6
2017-07-01 11:30:00,4307210240.0,4341062041.6
2017-07-01 11:35:00,4293301862.4,4318117068.8
2017-07-01 11:40:00,4291144908.8,4312649728.0
2017-07-01 11:45:00,4297348710.4,4320623820.8
2017-07-01 11:50:00,4295712768.0,4324515020.8
2017-07-01 11:55:00,4288623411.2,4323588505.6
2017-07-01 12:00:00,4292160716.8,4323438592.0
2017-07-01 12:05:00,4289905459.2,4321823129.6
2017-07-01 12:10:00,4294793625.6,4323894886.4
2017-07-01 12:15:00,4289553203.2,4322470297.6
2017-07-01 12:20:00,4296365670.4,4327655833.6
2017-07-01 12:25:00,4297741107.2,4326756352.0
2017-07-01 12:30:00,4289069056.0,4326711296.0
2017-07-01 12:35:00,4293387059.2,4320880230.4
2017-07-01 12:40:00,4292741529.6,4323141222.4
2017-07-01 12:45:00,4288421068.8,4325326028.8
2017-07-01 12:50:00,4293548441.6,4321909964.8
2017-07-01 12:55:00,4297034956.8,4318556979.2
2017-07-01 13:00:00,4289350041.6,4323156787.2
2017-07-01 13:05:00,4289144422.4,4327346995.2
2017-07-01 13:10:00,4289704755.2,4324583833.6
2017-07-01 13:15:00,4288778240.0,4316175564.8
2017-07-01 13:20:00,4291077734.4,4321987788.8
2017-07-01 13:25:00,4291324313.6,4320706560.0
2017-07-01 13:30:00,4297501081.6,4325913395.2
2017-07-01 13:35:00,4287401164.8,4316764569.6
2017-07-01 13:40:00,4294337331.2,4320238796.8
2017-07-01 13:45:00,4291239116.8,4315715174.4
2017-07-01 13:50:00,4295442432.0,4315624243.2
2017-07-01 13:55:00,4295946240.0,4324528128.0
2017-07-01 14:00:00,4299784192.0,4333119897.6
2017-07-01 14:05:00,4282275430.4,4319288524.8
2017-07-01 14:10:00,4280641126.4,4326626099.2
2017-07-01 14:15:00,4290702540.8,4321964851.2
2017-07-01 14:20:00,4288066355.2,4321703526.4
2017-07-01 14:25:00,4292918476.8,4330681139.2
2017-07-01 14:30:00,4299802214.4,4315579187.2
2017-07-01 14:35:00,4290378137.6,4320832716.8
2017-07-01 14:40:00,4282164838.4,4326864486.4
2017-07-01 14:45:00,4295077068.8,4322504704.0
2017-07-01 14:50:00,4295134412.8,4318391500.8
2017-07-01 14:55:00,4288670105.6,4318764236.8
2017-07-01 15:00:00,4290492825.6,4321999257.6
2017-07-01 15:05:00,4297606758.4,4328091648.0
2017-07-01 15:10:00,4292123852.8,4322306457.6
2017-07-01 15:15:00,4288463667.2,4327228211.2
2017-07-01 15:20:00,4300133990.4,4324215193.6
2017-07-01 15:25:00,4294704332.8,4325814272.0
2017-07-01 15:30:00,4298312089.6,4319771033.6
2017-07-01 15:35:00,4288590643.2,4323474636.8
2017-07-01 15:40:00,4292014899.2,4325721702.4
2017-07-01 15:45:00,4302879948.8,4320459980.8
2017-07-01 15:50:00,4288519372.8,4326821068.8
2017-07-01 15:55:00,4292145971.2,4328666726.4
2017-07-01 16:00:00,4296105164.8,4323565568.0
2017-07-01 16:05:00,4293990809.6,4326021529.6
2017-07-01 16:10:00,4287749324.8,4321334067.2
2017-07-01 16:15:00,4294796902.4,4322037760.0
2017-07-01 16:20:00,4291343155.2,4322488320.0
2017-07-01 16:25:00,4295777484.8,4316429516.8
2017-07-01 16:30:00,4289893990.4,4305692262.4
2017-07-01 16:35:00,4289250918.4,4321256243.2
2017-07-01 16:40:00,4293484544.0,4325778227.2
2017-07-01 16:45:00,4295337574.4,4317289676.8
2017-07-01 16:50:00,4297985228.8,4309617868.8
2017-07-01 16:55:00,4293427200.0,4325421056.0
2017-07-01 17:00:00,4296057651.2,4322624307.2
2017-07-01 17:05:00,4280787763.2,4326063308.8
2017-07-01 17:10:00,4298122854.4,4318543052.8
2017-07-01 17:15:00,4295068876.8,4326182092.8
2017-07-01 17:20:00,4296463155.2,4322037760.0
2017-07-01 17:25:00,4292056678.4,4324385587.2
2017-07-01 17:30:00,4292490854.4,4322200780.8
2017-07-01 17:35:00,4295625932.8,4324990976.0
2017-07-01 17:40:00,4297860710.4,4326780928.0
2017-07-01 17:45:00,4291181772.8,4302288486.4
2017-07-01 17:50:00,4286002790.4,4321403699.2
2017-07-01 17:55:00,4297060352.0,4326760448.0
2017-07-01 18:00:00,4298260480.0,4323722854.4
2017-07-01 18:05:00,4288966656.0,4319072256.0
2017-07-01 18:10:00,4287654297.6,4324969676.8
2017-07-01 18:15:00,4289526169.6,4325208064.0
2017-07-01 18:20:00,4295644774.4,4318903500.8
2017-07-01 18:25:00,4293977702.4,4324178329.6
2017-07-01 18:30:00,4285376921.6,4323291955.2
2017-07-01 18:35:00,4296356659.2,4320827801.6
2017-07-01 18:40:00,4295996211.2,4316765388.8
2017-07-01 18:45:00,4289066598.4,4321348812.8
2017-07-01 18:50:00,4288439910.4,4318677401.6
2017-07-01 18:55:00,4293805670.4,4325457920.0
2017-07-01 19:00:00,4291062169.6,4321162035.2
2017-07-01 19:05:00,4300164300.8,4324273356.8
2017-07-01 19:10:00,4294666649.6,4325586534.4
2017-07-01 19:15:00,4287353651.2,4327641088.0
2017-07-01 19:20:00,4293044633.6,4326136217.6
2017-07-01 19:25:00,4295119667.2,4317947494.4
2017-07-01 19:30:00,4290500198.4,4329236889.6
2017-07-01 19:35:00,4288010649.6,4324740300.8
2017-07-01 19:40:00,4296724480.0,4323828531.2
2017-07-01 19:45:00,4297003008.0,4324270899.2
2017-07-01 19:50:00,4292341760.0,4326960332.8
2017-07-01 19:55:00,4299747328.0,4330645094.4
2017-07-01 20:00:00,4300166758.4,4318834688.0
2017-07-01 20:05:00,4296791654.4,4320872038.4
2017-07-01 20:10:00,4298705305.6,4320332185.6
2017-07-01 20:15:00,4299485184.0,4320462438.4
2017-07-01 20:20:00,4287533056.0,4316675276.8
2017-07-01 20:25:00,4294587187.2,4322141798.4
2017-07-01 20:30:00,4291022848.0,4324588748.8
2017-07-01 20:35:00,4291508633.6,4329009971.2
2017-07-01 20:40:00,4287837798.4,4320360038.4
2017-07-01 20:45:00,4286413209.6,4316119040.0
2017-07-01 20:50:00,4297838592.0,4332840550.4
2017-07-01 20:55:00,4288362905.6,4328196505.6
2017-07-01 21:00:00,4291383296.0,4324097228.8
2017-07-01 21:05:00,4298581606.4,4323108454.4
2017-07-01 21:10:00,4295258112.0,4326270566.4
2017-07-01 21:15:00,4301817446.4,4312562892.8
2017-07-01 21:20:00,4293435392.0,4322136883.2
2017-07-01 21:25:00,4288921600.0,4327845888.0
2017-07-01 21:30:00,4290165964.8,4323879321.6
2017-07-01 21:35:00,4302103347.2,4319807897.6
2017-07-01 21:40:00,4295605452.8,4328042496.0
2017-07-01 21:45:00,4299327897.6,4322817638.4
2017-07-01 21:50:00,4297184051.2,4325078630.4
2017-07-01 21:55:00,4293083955.2,4323653222.4
2017-07-01 22:00:00,4304330752.0,4325240012.8
2017-07-01 22:05:00,4293482905.6,4317960601.6
2017-07-01 22:10:00,4294251315.2,4320842547.2
2017-07-01 22:15:00,4297871360.0,4314747699.2
2017-07-01 22:20:00,4295476019.2,4324311859.2
2017-07-01 22:25:00,4291426713.6,4320904806.4
2017-07-01 22:30:00,4292772659.2,4327012761.6
2017-07-01 22:35:00,4295281049.6,4323440230.4
2017-07-01 22:40:00,4296728576.0,4322295808.0
2017-07-01 22:45:00,4296162508.8,4320784384.0
2017-07-01 22:50:00,4291457843.2,4322159820.8
2017-07-01 22:55:00,4300065996.8,4324869734.4
2017-07-01 23:00:00,4294288179.2,4326522880.0
2017-07-01 23:05:00,4292720230.4,4327716454.4
2017-07-01 23:10:00,4295262208.0,4324554342.4
2017-07-01 23:15:00,4287613337.6,4326213222.4
2017-07-01 23:20:00,4296694988.8,4322202419.2
2017-07-01 23:25:00,4287791104.0,4323941580.8
2017-07-01 23:30:00,4294660915.2,4321469235.2
2017-07-01 23:35:00,4297251225.6,4325746278.4
2017-07-01 23:40:00,4287673139.2,4325024563.2
2017-07-01 23:45:00,4287257804.8,4317609984.0
2017-07-01 23:50:00,4301299712.0,4329888153.6
2017-07-01 23:55:00,4294563430.4,4327874560.0
2017-07-02 00:00:00,4299942297.6,4323198566.4
2017-07-02 00:05:00,4292454809.6,4324658380.8
2017-07-02 00:10:00,4286072422.4,4328214528.0
2017-07-02 00:15:00,4294041600.0,4325630771.2
2017-07-02 00:20:00,4291647078.4,4328545484.8
2017-07-02 00:25:00,4292107468.8,4320260915.2
2017-07-02 00:30:00,4290758246.4,4325048320.0
2017-07-02 00:35:00,4300999884.8,4316748185.6
2017-07-02 00:40:00,4297024307.2,4319263129.6
2017-07-02 00:45:00,4293031526.4,4323034726.4
2017-07-02 00:50:00,4290003763.2,4327356006.4
2017-07-02 00:55:00,4295156531.2,4320314982.4
2017-07-02 01:00:00,4297460940.8,4328652800.0
2017-07-02 01:05:00,4290115993.6,4318598758.4
2017-07-02 01:10:00,4297320857.6,4322737356.8
2017-07-02 01:15:00,4293996544.0,4319739904.0
2017-07-02 01:20:00,4297184051.2,4322299084.8
2017-07-02 01:25:00,4290791014.4,4322360524.8
2017-07-02 01:30:00,4301872332.8,4320568115.2
2017-07-02 01:35:00,4296635187.2,4313221529.6
2017-07-02 01:40:00,4298379264.0,4320663142.4
2017-07-02 01:45:00,4297329049.6,4321385676.8
2017-07-02 01:50:00,4294414336.0,4317220864.0
2017-07-02 01:55:00,4293473075.2,4320735232.0
2017-07-02 02:00:00,4295745536.0,4320264192.0
2017-07-02 02:05:00,4296913715.2,4325344051.2
2017-07-02 02:10:00,4297677209.6,4326968524.8
2017-07-02 02:15:00,4291343155.2,4315979776.0
2017-07-02 02:20:00,4287506022.4,4323217408.0
2017-07-02 02:25:00,4297658368.0,4326535987.2
2017-07-02 02:30:00,4298608640.0,4328475852.8
2017-07-02 02:35:00,4293903974.4,4325389107.2
2017-07-02 02:40:00,4292449075.2,4319528550.4
2017-07-02 02:45:00,4291489792.0,4313851494.4
2017-07-02 02:50:00,4297967206.4,4323890790.4
2017-07-02 02:55:00,4292965171.2,4324509286.4
2017-07-02 03:00:00,4291517644.8,4322670182.4
2017-07-02 03:05:00,4296542617.6,4325529190.4
2017-07-02 03:10:00,4287753420.8,4324118528.0
2017-07-02 03:15:00,4291605299.2,4322019737.6
2017-07-02 03:20:00,4297434726.4,4316481126.4
2017-07-02 03:25:00,4290863923.2,4321499545.6
2017-07-02 03:30:00,4291946905.6,4322349056.0
2017-07-02 03:35:00,4297360179.2,4322075443.2
2017-07-02 03:40:00,4288069632.0,4319847219.2
2017-07-02 03:45:00,4290679603.2,4324680499.2
2017-07-02 03:50:00,4296080588.8,4323762176.0
2017-07-02 03:55:00,4285494886.4,4323633561.6
2017-07-02 04:00:00,4291411968.0,4322803712.0
2017-07-02 04:05:00,4290360934.4,4322217164.8
2017-07-02 04:10:00,4292953702.4,4322430976.0
2017-07-02 04:15:00,4296866201.6,4321626521.6
2017-07-02 04:20:00,4293058560.0,4325662720.0
2017-07-02 04:25:00,4293912985.6,4331694489.6
2017-07-02 04:30:00,4290697625.6,4317492019.2
2017-07-02 04:35:00,4294472499.2,4315838873.6
2017-07-02 04:40:00,4288946176.0,4317083238.4
2017-07-02 04:45:00,4289176371.2,4322423603.2
2017-07-02 04:50:00,4294418432.0,4316858777.6
2017-07-02 04:55:00,4287750144.0,4323603251.2
2017-07-02 05:00:00,4302908620.8,4327763968.0
2017-07-02 05:05:00,4299301683.2,4325564416.0
2017-07-02 05:10:00,4297494528.0,4319690752.0
2017-07-02 05:15:00,4294138265.6,4333327155.2
2017-07-02 05:20:00,4291604480.0,4323255091.2
2017-07-02 05:25:00,4294611763.2,4318109696.0
2017-07-02 05:30:00,4303149465.6,4322332672.0
2017-07-02 05:35:00,4296035532.8,4324253696.0
2017-07-02 05:40:00,4288615219.2,4331619942.4
2017-07-02 05:45:00,4294104678.4,4320899891.2
2017-07-02 05:50:00,4291194880.0,4320981811.2
2017-07-02 05:55:00,4293993267.2,4319325388.8
2017-07-02 06:00:00,4302189363.2,4324494540.8
2017-07-02 06:05:00,4294089113.6,4316237004.8
2017-07-02 06:10:00,4299166515.2,4324506009.6
2017-07-02 06:15:00,4299096064.0,4322294169.6
2017-07-02 06:20:00,4300692684.8,4319960268.8
2017-07-02 06:25:00,4291033497.6,4322748006.4
2017-07-02 06:30:00,4297323315.2,4327887667.2
2017-07-02 06:35:00,4295506329.6,4329961062.4
2017-07-02 06:40:00,4298745446.4,4322330214.4
2017-07-02 06:45:00,4294437273.6,4325120409.6
2017-07-02 06:50:00,4304137420.8,4322536652.8
2017-07-02 06:55:00,4305648025.6,4326346752.0
2017-07-02 07:00:00,4298932224.0,4328261222.4
2017-07-02 07:05:00,4301639680.0,4323419750.4
2017-07-02 07:10:00,4292009984.0,4325262950.4
2017-07-02 07:15:00,4295570227.2,4330870374.4
2017-07-02 07:20:00,4287426560.0,4320049561.6
2017-07-02 07:25:00,4284988620.8,4327336345.6
2017-07-02 07:30:00,4296690073.6,4323340288.0
2017-07-02 07:35:00,4291284172.8,4326984908.8
2017-07-02 07:40:00,4291944448.0,4323110912.0
2017-07-02 07:45:00,4292820172.8,4322149990.4
2017-07-02 07:50:00,4293076582.4,4324647731.2
2017-07-02 07:55:00,4289753907.2,4315272806.4
2017-07-02 08:00:00,4291759308.8,4323044556.8
2017-07-02 08:05:00,4296350924.8,4315257241.6
2017-07-02 08:10:00,4285489971.2,4321252147.2
2017-07-02 08:15:00,4292830003.2,4322113126.4
2017-07-02 08:20:00,4284553625.6,4322812723.2
2017-07-02 08:25:00,4296214937.6,4329005056.0
2017-07-02 08:30:00,4283872870.4,4319931596.8
2017-07-02 08:35:00,4299360665.6,4327355187.2
2017-07-02 08:40:00,4294334873.6,4322224537.6
2017-07-02 08:45:00,4294312755.2,4323704832.0
2017-07-02 08:50:00,4288660275.2,4324576460.8
2017-07-02 08:55:00,4294501990.4,4326351667.2
2017-07-02 09:00:00,4294764134.4,4323373875.2
2017-07-02 09:05:00,4290441216.0,4320586956.8
2017-07-02 09:10:00,4291541401.6,4325800345.6
2017-07-02 09:15:00,4294924697.6,4327647641.6
2017-07-02 09:20:00,4294637158.4,4311504486.4
2017-07-02 09:25:00,4288467763.2,4324477337.6
2017-07-02 09:30:00,4295527628.8,4331225907.2
2017-07-02 09:35:00,4284861644.8,4325761024.0
2017-07-02 09:40:00,4300415795.2,4325695488.0
2017-07-02 09:45:00,4296909619.2,4323676979.2
2017-07-02 09:50:00,4299780915.2,4325427609.6
2017-07-02 09:55:00,4297716531.2,4318393139.2
2017-07-02 10:00:00,4289886617.6,4325330944.0
2017-07-02 10:05:00,4291348070.4,4321074380.8
2017-07-02 10:10:00,4291930521.6,4319576064.0
2017-07-02 10:15:00,4295481753.6,4314930380.8
2017-07-02 10:20:00,4295494860.8,4319740723.2
2017-07-02 10:25:00,4289095270.4,4327777894.4
2017-07-02 10:30:00,4296889139.2,4321986969.6
2017-07-02 10:35:00,4299069030.4,4323347660.8
2017-07-02 10:40:00,4290283110.4,4320337920.0
2017-07-02 10:45:00,4291197337.6,4325347328.0
2017-07-02 10:50:00,4298515251.2,4324763238.4
2017-07-02 10:55:00,4297381478.4,4319521996.8
2017-07-02 11:00:00,4295777484.8,4321866547.2
2017-07-02 11:05:00,4283364966.4,4318569267.2
2017-07-02 11:10:00,4297030041.6,4320591872.0
2017-07-02 11:15:00,4302293401.6,4319156633.6
2017-07-02 11:20:00,4297614950.4,4321552793.6
2017-07-02 11:25:00,4289088716.8,4328455372.8
2017-07-02 11:30:00,4313929318.4,4347315814.4
2017-07-02 11:35:00,4294940262.4,4311968153.6
2017-07-02 11:40:00,4294195609.6,4314411827.2
2017-07-02 11:45:00,4291952640.0,4316268134.4
2017-07-02 11:50:00,4299721113.6,4319178752.0
2017-07-02 11:55:00,4297117696.0,4330554982.4
2017-07-02 12:00:00,4290622259.2,4326321356.8
2017-07-02 12:05:00,4287859097.6,4321633075.2
2017-07-02 12:10:00,4290496102.4,4318960025.6
2017-07-02 12:15:00,4285468672.0,4327264256.0
2017-07-02 12:20:00,4298667622.4,4319148441.6
2017-07-02 12:25:00,4288377651.2,4319042764.8
2017-07-02 12:30:00,4295374438.4,4323385344.0
2017-07-02 12:35:00,4296681062.4,4321168588.8
2017-07-02 12:40:00,4296345190.4,4323058483.2
2017-07-02 12:45:00,4295917568.0,4321211187.2
2017-07-02 12:50:00,4296282931.2,4309612953.6
2017-07-02 12:55:00,4296066662.4,4324197990.4
2017-07-02 13:00:00,4287722291.2,4308035174.4
2017-07-02 13:05:00,4289513062.4,4333993164.8
2017-07-02 13:10:00,4288822476.8,4325012275.2
2017-07-02 13:15:00,4295434240.0,4319470387.2
2017-07-02 13:20:00,4289379532.8,4324899225.6
2017-07-02 13:25:00,4298403840.0,4326275481.6
2017-07-02 13:30:00,4286256742.4,4321017036.8
2017-07-02 13:35:00,4299045273.6,4322291712.0
2017-07-02 13:40:00,4290988441.6,4322843852.8
2017-07-02 13:45:00,4293138022.4,4326867763.2
2017-07-02 13:50:00,4297063628.8,4326458982.4
2017-07-02 13:55:00,4286726144.0,4320663961.6
2017-07-02 14:00:00,4297027584.0,4327565721.6
2017-07-02 14:05:00,4292812800.0,4317591961.6
2017-07-02 14:10:00,4292472832.0,4325169561.6
2017-07-02 14:15:00,4288272793.6,4323052748.8
2017-07-02 14:20:00,4297386393.6,4322827468.8
2017-07-02 14:25:00,4291393126.4,4310187212.8
2017-07-02 14:30:00,4291003187.2,4325663539.2
2017-07-02 14:35:00,4289763737.6,4324725555.2
2017-07-02 14:40:00,4295706214.4,4328231731.2
2017-07-02 14:45:00,4291379200.0,4323686809.6
2017-07-02 14:50:00,4288961740.8,4320249446.4
2017-07-02 14:55:00,4295711129.6,4325545574.4
2017-07-02 15:00:00,4294062899.2,4324039884.8
2017-07-02 15:05:00,4293170790.4,4327412531.2
2017-07-02 15:10:00,4296033075.2,4326868582.4
2017-07-02 15:15:00,4290532147.2,4319757926.4
2017-07-02 15:20:00,4294271795.2,4324955750.4
2017-07-02 15:25:00,4296645017.6,4320835174.4
2017-07-02 15:30:00,4298038476.8,4327789363.2
2017-07-02 15:35:00,4287620710.4,4313360793.6
2017-07-02 15:40:00,4297570713.6,4327113523.2
2017-07-02 15:45:00,4294356172.8,4323413196.8
2017-07-02 15:50:00,4289173094.4,4315080294.4
2017-07-02 15:55:00,4289801420.8,4311669964.8
2017-07-02 16:00:00,4296098611.2,4325028659.2
2017-07-02 16:05:00,4293045452.8,4320224870.4
2017-07-02 16:10:00,4289648230.4,4329794764.8
2017-07-02 16:15:00,4292810342.4,4324080844.8
2017-07-02 16:20:00,4293523865.6,4322668544.0
2017-07-02 16:25:00,4294600294.4,4318593024.0
2017-07-02 16:30:00,4289382809.6,4326495846.4
2017-07-02 16:35:00,4294926336.0,4324145561.6
2017-07-02 16:40:00,4297048883.2,4332577587.2
2017-07-02 16:45:00,4295385088.0,4325660262.4
2017-07-02 16:50:00,4291526656.0,4319105843.2
2017-07-02 16:55:00,4293643468.8,4321920614.4
2017-07-02 17:00:00,4297736192.0,4329543270.4
2017-07-02 17:05:00,4291615948.8,4321109606.4
2017-07-02 17:10:00,4291995238.4,4326293504.0
2017-07-02 17:15:00,4292469555.2,4323915366.4
2017-07-02 17:20:00,4285974118.4,4326829260.8
2017-07-02 17:25:00,4291361996.8,4321226752.0
2017-07-02 17:30:00,4292804608.0,4312089395.2
2017-07-02 17:35:00,4293056102.4,4324111155.2
2017-07-02 17:40:00,4297718988.8,4322179481.6
2017-07-02 17:45:00,4297363456.0,4317229875.2
2017-07-02 17:50:00,4279042048.0,4321797734.4
2017-07-02 17:55:00,4292792320.0,4328058060.8
2017-07-02 18:00:00,4300227379.2,4327292108.8
2017-07-02 18:05:00,4295264665.6,4318179328.0
2017-07-02 18:10:00,4295765196.8,4321175142.4
2017-07-02 18:15:00,4295115571.2,4328788787.2
2017-07-02 18:20:00,4300910592.0,4295233536.0
2017-07-02 18:25:00,4294255411.2,4325462835.2
2017-07-02 18:30:00,4293876121.6,4320199475.2
2017-07-02 18:35:00,4299970969.6,4324836147.2
2017-07-02 18:40:00,4288829030.4,4326847283.2
2017-07-02 18:45:00,4297204531.2,4329752985.6
2017-07-02 18:50:00,4296252620.8,4324193075.2
2017-07-02 18:55:00,4293848268.8,4319892275.2
2017-07-02 19:00:00,4296777728.0,4327947468.8
2017-07-02 19:05:00,4296617164.8,4325419417.6
2017-07-02 19:10:00,4291531571.2,4324206182.4
2017-07-02 19:15:00,4295080345.6,4325081088.0
2017-07-02 19:20:00,4292319641.6,4312887296.0
2017-07-02 19:25:00,4298164633.6,4320358400.0
2017-07-02 19:30:00,4298848665.6,4319399936.0
2017-07-02 19:35:00,4295110656.0,4332242534.4
2017-07-02 19:40:00,4288178585.6,4326539264.0
2017-07-02 19:45:00,4292248371.2,4310925312.0
2017-07-02 19:50:00,4296848179.2,4323524608.0
2017-07-02 19:55:00,4294224281.6,4323469721.6
2017-07-02 20:00:00,4303092940.8,4327034880.0
2017-07-02 20:05:00,4294055526.4,4311997644.8
2017-07-02 20:10:00,4294493798.4,4325125324.8
2017-07-02 20:15:00,4292363059.2,4323474636.8
2017-07-02 20:20:00,4292791500.8,4318241587.2
2017-07-02 20:25:00,4298513612.8,4316866969.6
2017-07-02 20:30:00,4290754969.6,4322612019.2
2017-07-02 20:35:00,4291017113.6,4322842214.4
2017-07-02 20:40:00,4298190848.0,4324993433.6
2017-07-02 20:45:00,4296829337.6,4318982144.0
2017-07-02 20:50:00,4295884800.0,4326079692.8
2017-07-02 20:55:00,4291386572.8,4325534105.6
2017-07-02 21:00:00,4293854822.4,4325551308.8
2017-07-02 21:05:00,4292544921.6,4327746764.8
2017-07-02 21:10:00,4294085836.8,4321751859.2
2017-07-02 21:15:00,4294066176.0,4328528281.6
2017-07-02 21:20:00,4299433574.4,4324924620.8
2017-07-02 21:25:00,4297066086.4,4312054169.6
2017-07-02 21:30:00,4292773478.4,4316033843.2
2017-07-02 21:35:00,4299247616.0,4323042099.2
2017-07-02 21:40:00,4291338240.0,4327656652.8
2017-07-02 21:45:00,4286878515.2,4328115404.8
2017-07-02 21:50:00,4283996569.6,4322951168.0
2017-07-02 21:55:00,4295286784.0,4318679040.0
2017-07-02 22:00:00,4295183564.8,4325372723.2
2017-07-02 22:05:00,4297255321.6,4324187340.8
2017-07-02 22:10:00,4293237145.6,4318037606.4
2017-07-02 22:15:00,4293515673.6,4321574092.8
2017-07-02 22:20:00,4293469798.4,4323688448.0
2017-07-02 22:25:00,4287392972.8,4324648550.4
2017-07-02 22:30:00,4291447193.6,4324610048.0
2017-07-02 22:35:00,4289784217.6,4326463078.4
2017-07-02 22:40:00,4291688038.4,4325286707.2
2017-07-02 22:45:00,4293609062.4,4322492416.0
2017-07-02 22:50:00,4296255897.6,4316728524.8
2017-07-02 22:55:00,4290744320.0,4322056601.6
2017-07-02 23:00:00,4292752179.2,4316701491.2
2017-07-02 23:05:00,4296742502.4,4318793728.0
2017-07-02 23:10:00,4301538099.2,4322849587.2
2017-07-02 23:15:00,4291505356.8,4316946432.0
2017-07-02 23:20:00,4291488972.8,4322107392.0
2017-07-02 23:25:00,4292331110.4,4327779532.8
2017-07-02 23:30:00,4304290611.2,4326283673.6
2017-07-02 23:35:00,4296273920.0,4329055027.2
2017-07-02 23:40:00,4294299648.0,4322909388.8
2017-07-02 23:45:00,4291957555.2,4324379852.8
2017-07-02 23:50:00,4289332838.4,4315234304.0
2017-07-02 23:55:00,4296518041.6,4326453248.0
2017-07-03 00:00:00,4299958681.6,4318511923.2
2017-07-03 00:05:00,4293609881.6,4325497241.6
2017-07-03 00:10:00,4290971238.4,4315961753.6
2017-07-03 00:15:00,4298031923.2,4305066393.6
2017-07-03 00:20:00,4296947302.4,4326345932.8
